{"**NUST POSTGRADUATE APPLICATIONS 2021**":{"Department of Computer Science":"Department of Informatics", "APPLICATION NO.236":{"Fullname":"Fifi Shaki Peaches", "Date of Birth":"07 05 1992", "Gender":"Female", "Last University Programme Enrolled":"Bachelor of Computer Science Software Development", "Year of Last University Programme Enrolled":"2019", "Name of Last Tertiary Institute":"Namibia University of Science and Technology", "Which programme(s) would you like to apply for?":"Mobile Development, Information Security or Digital Forensics", "In a few sentences (not more than 50 words), why would you like to further your studies?":"In order to broaden my expertise in the Computing department.", "Do you have any special skills? Please feel free to elaborate.":"Website development_using Dreamweaver", "What are your interests?":"Web development, System Administration", "Thank you for applying to NUST.":""}, "APPLICATION NO.234":{"Fullname":"Tweedy Plum Lemon", "Date of Birth":"04 03 1990", "Gender":"Female", "Last University Programme Enrolled":"Bachelor of Computer Science Network Administration", "Year of Last University Programme Enrolled":"2020", "Name of Last Tertiary Institute":"Namibia University of Science and Technology", "Which programme(s) would you like to apply for?":"Doctor of Philosophy (PhD) in Computer Science ", "In a few sentences (not more than 50 words), why would you like to further your studies?":"I want to study to my fullest potential.", "Do you have any special skills? Please feel free to elaborate.":"Flutter app development. I can create a variety of aplpications such as mobile games, intranets and music applications", "What are your interests?":"Mobile development", "Thank you for applying to NUST":"__"}, "APPLICATION NO.239":{"Fullname":"Jared Daisy", "Date of Birth":"12 06 1995", "Gender":"Male", "Last University Programme Enrolled":"Bachelor of Computer Science Informatics", "Year of Last University Programme Enrolled":"2020", "Name of Last Tertiary Institute":"Namibia University of Science and Technology", "Which programme(s) would you like to apply for?":"Postgraduate Certificate in Information & Communication Technology Policy and Regulations", "In a few sentences (not more than 50 words), why would you like to further your studies?":"To acquire skills to improve Namibia's networking industry", "Do you have any special skills? Please feel free to elaborate.":"Networking. I have CCNA1 and 2 certificates and can manage, troubleshoot and set up small networks.", "What are your interests?":"Computer Networking", "Thank you for applying to NUST.":"***"}, "Applications compiled by":["Alexis", "Jojo"]}}